doc_id,text,label
1,"This equity research report analyzes the quarterly earnings growth, valuation metrics, and competitive positioning of large cap technology stocks.",Equity Research
2,"We initiate coverage on emerging market equities focusing on revenue growth, EBITDA margins, and long-term investment outlook.",Equity Research
3,"The report evaluates stock price performance, analyst recommendations, and sector-level equity trends.",Equity Research
4,"This fixed income note reviews government bond yields, duration risk, and interest rate sensitivity across maturities.",Fixed Income
5,"An analysis of corporate bonds focusing on credit spreads, coupon payments, and default risk",Fixed Income
6,"The document covers treasury securities, yield curve movements, and inflation expectations.",Fixed Income
7,"This compliance document outlines regulatory requirements, KYC procedures, and internal audit controls.",Risk & Compliance
8,"Risk assessment includes portfolio exposure limits, regulatory compliance checks, and governance standards.",Risk & Compliance
9,"The report details anti-money laundering policies, operational risk, and regulatory reporting guidelines.",Risk & Compliance
10,"This market outlook discusses macroeconomic indicators, GDP growth forecasts, and global market trends.",Market Outlook
11,"The outlook highlights inflation expectations, central bank policy changes, and geopolitical risks.",Market Outlook
12,A forward-looking analysis of global markets focusing on economic cycles and asset allocation themes.,Market Outlook
13,"The financial statement summarizes balance sheet items, income statement performance, and cash flow trends.",Financial Statements
14,"This annual report includes profit and loss analysis, assets and liabilities, and shareholder equity.",Financial Statements
15,"Detailed review of quarterly financial results including revenue, expenses, and net income.",Financial Statements
